{"cameraMode":{"drawMode":0,"name":"Shaded","section":"Shading Mode"},"sceneLighting":false,"audioPlay":false,"sceneViewState":{"m_AlwaysRefresh":false,"showFog":false,"showSkybox":false,"showFlares":false,"showImageEffects":false,"showParticleSystems":false,"showVisualEffectGraphs":true,"m_FxEnabled":true},"in2DMode":false,"pivot":{"x":0.021380342543125154,"y":1.7067556381225587,"z":-2.669753313064575},"rotation":{"x":-0.0018921236041933299,"y":-0.9940465688705444,"z":0.10777659714221955,"w":-0.017603594809770585},"size":3.4457478523254396,"orthographic":false}