{"cameraMode":{"drawMode":0,"name":"Shaded","section":"Shading Mode"},"sceneLighting":true,"audioPlay":false,"sceneViewState":{"m_AlwaysRefresh":false,"showFog":true,"showSkybox":true,"showFlares":true,"showImageEffects":true,"showParticleSystems":true,"showVisualEffectGraphs":true,"m_FxEnabled":true},"in2DMode":false,"pivot":{"x":15.733586311340332,"y":3.253051280975342,"z":-3.723975658416748},"rotation":{"x":-0.05842270329594612,"y":-0.04100978374481201,"z":0.0024608278181403877,"w":-0.9975694417953491},"size":1.3961577415466309,"orthographic":false}